{
    "wallet_id": "william",
    "rig_id": "william",
    "node_id": "eecd5cd6-90b5-4d0c-8f3b-0702aa4910bd",
    "resource": "usd_value",
    "amount": 50000,
    "timestamp": 1763454420.07681179046630859375,
    "overlay_constants": {
        "TE\u041b\u00b2": "TE\u041b\u00b2_CONST_8.88e+17",
        "E\u00b2\u041b": "E\u00b2\u041b_CONST_2.54e+34",
        "block_header": "MM_BLOCK_HEADER_2025"
    },
    "last_updated": "2025-11-25T02:52:43+00:00",
    "receipt_meta": {
        "receipt_id": "5e89582bf0909409",
        "issued_at": "2025-11-25T02:52:43+00:00",
        "source": "Watts USD Purchase"
    }
}