{
    "wallet_id": "william",
    "rig_id": "william",
    "node_id": "eecd5cd6-90b5-4d0c-8f3b-0702aa4910bd",
    "resource": "real_kwh",
    "remaining_kwh": 100000000000000000026609864708367276537402401181200809098131977453489758916313088,
    "last_updated": "2025-11-25T04:55:03+00:00",
    "overlay_constants": {
        "TE\u041b\u00b2": "TE\u041b\u00b2_CONST_8.88e+17",
        "E\u00b2\u041b": "E\u00b2\u041b_CONST_2.54e+34",
        "block_header": "MM_BLOCK_HEADER_2025"
    },
    "capsule_settlement": {
        "plant_name": "Manierism Electrism",
        "currency": "EGP",
        "egp_rate": 30.89999999999999857891452847979962825775146484375
    }
}