[
    {
        "type": "BUY",
        "usd_amount": 0.5,
        "watts_dollar": 17,
        "created_at": 1763158325
    },
    {
        "type": "SELL",
        "usd_amount": 0.5100000000000000088817841970012523233890533447265625,
        "watts_dollar": 17.339999999999999857891452847979962825775146484375,
        "created_at": 1763244725
    },
    {
        "type": "BUY",
        "usd_amount": 0.5,
        "watts_dollar": 17,
        "created_at": 1763331125
    },
    {
        "type": "SELL",
        "usd_amount": 0.4899999999999999911182158029987476766109466552734375,
        "watts_dollar": 16.660000000000000142108547152020037174224853515625,
        "created_at": 1763417525
    },
    {
        "type": "BUY",
        "usd_amount": 0.5,
        "watts_dollar": 17,
        "created_at": 1763503925
    },
    {
        "type": "BUY",
        "wallet_id": "trust",
        "usd_amount": 5,
        "watts_dollar": 170,
        "kwh_amount": 100,
        "trade_count": 1,
        "created_at": "2025-11-24 03:36:20"
    },
    {
        "type": "BUY",
        "wallet_id": "trust",
        "usd_amount": 5,
        "watts_dollar": 170,
        "kwh_amount": 100,
        "trade_count": 1,
        "created_at": "2025-11-24 03:38:00"
    },
    {
        "type": "SELL",
        "wallet_id": "trust",
        "usd_amount": 0.5,
        "watts_dollar": 17,
        "kwh_amount": 100,
        "trade_count": 1,
        "created_at": "2025-11-24 04:24:45"
    }
]