[
    {
        "timestamp": "2025-11-24 02:42:51",
        "wallet_id": "trust",
        "ip": "70.137.237.3",
        "balances": {
            "capsule_mb": 100000,
            "cache_mb": 250000,
            "real_kwh": 15000,
            "bandwidth": 10000,
            "torrent_mb": 50000,
            "watts_dollar": 17.5,
            "usd_value": 0,
            "profit_usd": 0,
            "liquidity_usd": 100000
        }
    },
    {
        "timestamp": "2025-11-24 02:44:28",
        "wallet_id": "trust",
        "ip": "70.137.237.3",
        "balances": {
            "capsule_mb": 100000,
            "cache_mb": 250000,
            "real_kwh": 15000,
            "bandwidth": 10000,
            "torrent_mb": 50000,
            "watts_dollar": 51.5,
            "usd_value": 0,
            "profit_usd": 0,
            "liquidity_usd": 100000
        }
    },
    {
        "timestamp": "2025-11-24 02:44:29",
        "wallet_id": "trust",
        "ip": "70.137.237.3",
        "balances": {
            "capsule_mb": 100000,
            "cache_mb": 250000,
            "real_kwh": 15000,
            "bandwidth": 10000,
            "torrent_mb": 50000,
            "watts_dollar": 51.5,
            "usd_value": 0,
            "profit_usd": 0,
            "liquidity_usd": 100000
        }
    },
    {
        "timestamp": "2025-11-24 02:44:53",
        "wallet_id": "trust",
        "ip": "70.137.237.3",
        "balances": {
            "capsule_mb": 100000,
            "cache_mb": 250000,
            "real_kwh": 15000,
            "bandwidth": 10000,
            "torrent_mb": 50000,
            "watts_dollar": 85.5,
            "usd_value": 0,
            "profit_usd": 0,
            "liquidity_usd": 100000
        }
    },
    {
        "timestamp": "2025-11-24 02:44:55",
        "wallet_id": "trust",
        "ip": "70.137.237.3",
        "balances": {
            "capsule_mb": 100000,
            "cache_mb": 250000,
            "real_kwh": 15000,
            "bandwidth": 10000,
            "torrent_mb": 50000,
            "watts_dollar": 85.5,
            "usd_value": 0,
            "profit_usd": 0,
            "liquidity_usd": 100000
        }
    },
    {
        "timestamp": "2025-11-24 02:45:00",
        "wallet_id": "trust",
        "ip": "70.137.237.3",
        "balances": {
            "capsule_mb": 100000,
            "cache_mb": 250000,
            "real_kwh": 15000,
            "bandwidth": 10000,
            "torrent_mb": 50000,
            "watts_dollar": 85.5,
            "usd_value": 0,
            "profit_usd": 0,
            "liquidity_usd": 100000
        }
    }
]