{
    "wallet_id": "william",
    "rig_id": "william",
    "node_id": "eecd5cd6-90b5-4d0c-8f3b-0702aa4910bd",
    "resource": "bandwidth_MBps",
    "amount": 99999999999999998278261272554585856747747644714015897553975120217811154108416,
    "timestamp": 1763454374.2963631153106689453125,
    "overlay_constants": {
        "TE\u041b\u00b2": "TE\u041b\u00b2_CONST_8.88e+17",
        "E\u00b2\u041b": "E\u00b2\u041b_CONST_2.54e+34",
        "block_header": "MM_BLOCK_HEADER_2025"
    },
    "last_updated": "2025-11-25T01:57:10+00:00"
}